2026/09/02 00:57:58.272, P0, 2502 MHz, 34.25 W, 62, 95 %, 0 %
2026/09/02 00:57:59.300, P0, 2411 MHz, 12.45 W, 60, 2 %, 0 %
2026/09/02 00:58:00.329, P0, 2411 MHz, 12.29 W, 60, 3 %, 0 %
2026/09/02 00:58:01.357, P0, 2411 MHz, 12.22 W, 59, 2 %, 0 %
2026/09/02 00:58:02.384, P0, 2411 MHz, 12.30 W, 59, 2 %, 0 %
2026/09/02 00:58:03.411, P0, 2411 MHz, 12.20 W, 59, 3 %, 0 %
2026/09/02 00:58:04.439, P0, 2411 MHz, 12.14 W, 58, 2 %, 0 %
2026/09/02 00:58:05.469, P0, 2411 MHz, 12.12 W, 58, 2 %, 0 %
2026/09/02 00:58:06.503, P0, 2411 MHz, 29.68 W, 58, 3 %, 0 %
2026/09/02 00:58:07.551, P0, 2483 MHz, 78.55 W, 69, 96 %, 0 %
2026/09/02 00:58:08.601, P0, 2483 MHz, 77.58 W, 68, 96 %, 0 %
2026/09/02 00:58:09.653, P0, 2470 MHz, 79.24 W, 70, 96 %, 0 %
2026/09/02 00:58:10.709, P0, 2470 MHz, 78.40 W, 70, 96 %, 0 %
2026/09/02 00:58:11.757, P0, 2470 MHz, 79.78 W, 71, 96 %, 0 %
2026/09/02 00:58:12.811, P0, 2470 MHz, 78.63 W, 72, 96 %, 0 %
2026/09/02 00:58:13.868, P0, 2470 MHz, 80.50 W, 73, 96 %, 0 %
2026/09/02 00:58:14.912, P0, 2463 MHz, 79.97 W, 70, 96 %, 0 %
2026/09/02 00:58:15.959, P0, 2463 MHz, 81.73 W, 70, 96 %, 0 %
2026/09/02 00:58:17.008, P0, 2457 MHz, 80.77 W, 73, 96 %, 0 %
2026/09/02 00:58:18.051, P0, 2457 MHz, 83.06 W, 72, 95 %, 0 %
2026/09/02 00:58:19.101, P0, 2457 MHz, 82.37 W, 74, 95 %, 0 %
2026/09/02 00:58:20.153, P0, 2450 MHz, 83.91 W, 74, 95 %, 0 %
2026/09/02 00:58:21.202, P0, 2457 MHz, 83.37 W, 75, 95 %, 0 %
2026/09/02 00:58:22.256, P0, 2450 MHz, 84.07 W, 72, 95 %, 0 %
2026/09/02 00:58:23.311, P0, 2450 MHz, 83.70 W, 74, 95 %, 0 %
2026/09/02 00:58:24.360, P0, 2450 MHz, 84.54 W, 75, 96 %, 0 %
2026/09/02 00:58:25.402, P0, 2450 MHz, 84.42 W, 76, 95 %, 0 %
2026/09/02 00:58:26.441, P0, 2450 MHz, 83.92 W, 74, 95 %, 0 %
2026/09/02 00:58:27.492, P0, 2450 MHz, 84.97 W, 74, 95 %, 0 %
2026/09/02 00:58:28.533, P0, 2450 MHz, 84.68 W, 73, 96 %, 0 %
2026/09/02 00:58:29.582, P0, 2450 MHz, 85.59 W, 77, 96 %, 0 %
2026/09/02 00:58:30.623, P0, 2444 MHz, 85.04 W, 76, 96 %, 0 %
2026/09/02 00:58:31.672, P0, 2450 MHz, 85.90 W, 74, 96 %, 0 %
2026/09/02 00:58:32.719, P0, 2450 MHz, 85.43 W, 77, 96 %, 0 %
2026/09/02 00:58:33.755, P0, 2444 MHz, 86.77 W, 78, 96 %, 0 %
2026/09/02 00:58:34.803, P0, 2450 MHz, 85.33 W, 78, 96 %, 0 %
2026/09/02 00:58:35.847, P0, 2444 MHz, 86.54 W, 78, 96 %, 0 %
2026/09/02 00:58:36.891, P0, 2444 MHz, 85.64 W, 76, 96 %, 0 %
2026/09/02 00:58:37.924, P0, 2444 MHz, 85.60 W, 75, 96 %, 0 %
2026/09/02 00:58:38.951, P0, 2450 MHz, 86.56 W, 78, 96 %, 0 %
2026/09/02 00:58:39.989, P0, 2444 MHz, 85.85 W, 80, 96 %, 0 %
2026/09/02 00:58:41.017, P0, 2431 MHz, 86.49 W, 77, 96 %, 0 %
2026/09/02 00:58:42.051, P0, 2437 MHz, 68.61 W, 77, 96 %, 0 %
2026/09/02 00:58:43.104, P0, 2502 MHz, 43.19 W, 70, 95 %, 0 %
2026/09/02 00:58:44.151, P0, 2502 MHz, 43.10 W, 70, 95 %, 0 %
2026/09/02 00:58:45.200, P0, 2502 MHz, 43.02 W, 70, 95 %, 0 %
2026/09/02 00:58:46.248, P0, 2502 MHz, 42.98 W, 69, 95 %, 0 %
2026/09/02 00:58:47.302, P0, 2502 MHz, 42.96 W, 70, 95 %, 0 %
2026/09/02 00:58:48.357, P0, 2502 MHz, 42.87 W, 69, 95 %, 0 %
2026/09/02 00:58:49.411, P0, 2502 MHz, 42.87 W, 69, 95 %, 0 %
2026/09/02 00:58:50.465, P0, 2502 MHz, 42.75 W, 69, 95 %, 0 %
2026/09/02 00:58:51.511, P0, 2502 MHz, 42.74 W, 69, 95 %, 0 %
2026/09/02 00:58:52.569, P0, 2502 MHz, 42.77 W, 69, 95 %, 0 %
2026/09/02 00:58:53.614, P0, 2502 MHz, 42.74 W, 69, 95 %, 0 %
2026/09/02 00:58:54.660, P0, 2502 MHz, 42.66 W, 69, 95 %, 0 %
2026/09/02 00:58:55.714, P0, 2502 MHz, 42.68 W, 69, 95 %, 0 %
2026/09/02 00:58:56.769, P0, 2502 MHz, 42.65 W, 69, 95 %, 0 %
2026/09/02 00:58:57.817, P0, 2502 MHz, 42.61 W, 69, 95 %, 0 %
2026/09/02 00:58:58.863, P0, 2502 MHz, 42.72 W, 69, 95 %, 0 %
2026/09/02 00:58:59.916, P0, 2502 MHz, 42.71 W, 69, 95 %, 0 %
2026/09/02 00:59:00.956, P0, 2502 MHz, 42.47 W, 69, 95 %, 0 %
2026/09/02 00:59:02.002, P0, 2502 MHz, 42.42 W, 69, 95 %, 0 %
2026/09/02 00:59:03.051, P0, 2502 MHz, 42.44 W, 69, 95 %, 0 %
2026/09/02 00:59:04.109, P0, 2502 MHz, 42.39 W, 69, 95 %, 0 %
2026/09/02 00:59:05.160, P0, 2502 MHz, 42.44 W, 69, 95 %, 0 %
2026/09/02 00:59:06.207, P0, 2502 MHz, 42.46 W, 69, 95 %, 0 %
2026/09/02 00:59:07.261, P0, 2502 MHz, 42.53 W, 69, 95 %, 0 %
2026/09/02 00:59:08.322, P0, 2502 MHz, 42.51 W, 69, 95 %, 0 %
2026/09/02 00:59:09.374, P0, 2502 MHz, 42.57 W, 69, 95 %, 0 %
2026/09/02 00:59:10.419, P0, 2502 MHz, 42.59 W, 69, 95 %, 0 %
2026/09/02 00:59:11.470, P0, 2502 MHz, 42.65 W, 69, 95 %, 0 %
2026/09/02 00:59:12.522, P0, 2502 MHz, 42.62 W, 69, 95 %, 0 %
2026/09/02 00:59:13.576, P0, 2502 MHz, 42.58 W, 69, 95 %, 0 %
2026/09/02 00:59:14.624, P0, 2502 MHz, 42.55 W, 69, 95 %, 0 %
2026/09/02 00:59:15.669, P0, 2502 MHz, 42.61 W, 69, 95 %, 0 %
2026/09/02 00:59:16.721, P0, 2502 MHz, 42.50 W, 69, 95 %, 0 %
2026/09/02 00:59:17.772, P0, 2502 MHz, 42.59 W, 69, 95 %, 0 %
2026/09/02 00:59:18.821, P0, 2502 MHz, 42.49 W, 69, 95 %, 0 %
2026/09/02 00:59:19.873, P0, 2502 MHz, 42.54 W, 69, 95 %, 0 %
2026/09/02 00:59:20.934, P0, 2502 MHz, 42.64 W, 69, 95 %, 0 %
2026/09/02 00:59:21.991, P0, 2502 MHz, 42.57 W, 69, 95 %, 0 %
2026/09/02 00:59:23.043, P0, 2502 MHz, 42.57 W, 69, 95 %, 0 %
2026/09/02 00:59:24.094, P0, 2502 MHz, 42.53 W, 69, 95 %, 0 %
2026/09/02 00:59:25.143, P0, 2502 MHz, 42.54 W, 69, 95 %, 0 %
2026/09/02 00:59:26.194, P0, 2502 MHz, 42.52 W, 69, 95 %, 0 %
2026/09/02 00:59:27.249, P0, 2502 MHz, 42.59 W, 69, 95 %, 0 %
2026/09/02 00:59:28.299, P0, 2502 MHz, 42.59 W, 69, 95 %, 0 %
2026/09/02 00:59:29.349, P0, 2502 MHz, 42.58 W, 69, 95 %, 0 %
2026/09/02 00:59:30.404, P0, 2502 MHz, 42.52 W, 69, 95 %, 0 %
2026/09/02 00:59:31.451, P0, 2502 MHz, 42.53 W, 69, 95 %, 0 %
2026/09/02 00:59:32.496, P0, 2502 MHz, 42.60 W, 69, 95 %, 0 %
2026/09/02 00:59:33.547, P0, 2502 MHz, 42.63 W, 69, 95 %, 0 %
2026/09/02 00:59:34.603, P0, 2502 MHz, 42.57 W, 69, 95 %, 0 %
2026/09/02 00:59:35.650, P0, 2502 MHz, 42.58 W, 69, 95 %, 0 %
2026/09/02 00:59:36.698, P0, 2502 MHz, 42.54 W, 69, 95 %, 0 %
2026/09/02 00:59:37.751, P0, 2502 MHz, 42.54 W, 69, 95 %, 0 %
2026/09/02 00:59:38.806, P0, 2502 MHz, 42.57 W, 69, 95 %, 0 %
2026/09/02 00:59:39.858, P0, 2502 MHz, 42.58 W, 69, 95 %, 0 %
2026/09/02 00:59:40.903, P0, 2502 MHz, 42.56 W, 69, 95 %, 0 %
2026/09/02 00:59:41.952, P0, 2502 MHz, 42.53 W, 69, 95 %, 0 %
2026/09/02 00:59:43.001, P0, 2502 MHz, 42.47 W, 69, 95 %, 0 %
2026/09/02 00:59:44.059, P0, 2502 MHz, 42.51 W, 69, 95 %, 0 %
2026/09/02 00:59:45.111, P0, 2502 MHz, 42.54 W, 69, 95 %, 0 %
2026/09/02 00:59:46.164, P0, 2502 MHz, 42.53 W, 69, 95 %, 0 %
2026/09/02 00:59:47.211, P0, 2502 MHz, 42.48 W, 69, 95 %, 0 %
2026/09/02 00:59:48.250, P0, 2418 MHz, 26.80 W, 65, 2 %, 0 %
2026/09/02 00:59:49.275, P0, 2418 MHz, 13.96 W, 65, 2 %, 0 %
2026/09/02 00:59:50.302, P0, 2418 MHz, 13.93 W, 64, 2 %, 0 %
2026/09/02 00:59:51.331, P0, 2418 MHz, 13.69 W, 64, 2 %, 0 %
2026/09/02 00:59:52.361, P0, 2418 MHz, 13.62 W, 64, 3 %, 0 %
2026/09/02 00:59:53.390, P0, 2418 MHz, 13.56 W, 63, 3 %, 0 %
2026/09/02 00:59:54.417, P0, 2418 MHz, 13.52 W, 63, 2 %, 0 %
2026/09/02 00:59:55.443, P0, 2418 MHz, 13.39 W, 63, 3 %, 0 %
2026/09/02 00:59:56.471, P0, 2418 MHz, 13.37 W, 62, 2 %, 0 %
2026/09/02 00:59:57.500, P0, 2418 MHz, 13.36 W, 62, 2 %, 0 %
2026/09/02 00:59:58.528, P0, 2411 MHz, 12.96 W, 62, 3 %, 0 %
2026/09/02 00:59:59.554, P0, 2411 MHz, 12.78 W, 62, 2 %, 0 %
2026/09/02 01:00:00.583, P0, 2411 MHz, 12.77 W, 62, 3 %, 0 %
2026/09/02 01:00:01.610, P0, 2411 MHz, 12.74 W, 61, 2 %, 0 %
2026/09/02 01:00:02.636, P0, 2411 MHz, 12.66 W, 61, 2 %, 0 %
2026/09/02 01:00:03.666, P0, 2411 MHz, 12.62 W, 61, 2 %, 0 %
2026/09/02 01:00:04.695, P0, 2411 MHz, 12.49 W, 61, 2 %, 0 %
2026/09/02 01:00:05.722, P0, 2411 MHz, 12.37 W, 60, 2 %, 0 %
2026/09/02 01:00:06.750, P0, 2411 MHz, 12.28 W, 60, 2 %, 0 %
2026/09/02 01:00:07.778, P0, 2411 MHz, 12.24 W, 60, 2 %, 0 %
2026/09/02 01:00:08.806, P0, 2411 MHz, 12.20 W, 60, 2 %, 0 %
2026/09/02 01:00:09.834, P0, 2411 MHz, 12.23 W, 60, 2 %, 0 %
2026/09/02 01:00:10.860, P0, 2411 MHz, 12.16 W, 59, 2 %, 0 %
2026/09/02 01:00:11.886, P0, 2411 MHz, 12.15 W, 59, 2 %, 0 %
2026/09/02 01:00:12.913, P0, 2411 MHz, 12.11 W, 59, 2 %, 0 %
2026/09/02 01:00:13.939, P0, 2411 MHz, 12.00 W, 59, 2 %, 0 %
2026/09/02 01:00:14.964, P0, 2411 MHz, 11.94 W, 59, 2 %, 0 %
2026/09/02 01:00:15.992, P0, 2411 MHz, 11.94 W, 59, 2 %, 0 %
2026/09/02 01:00:17.021, P0, 2411 MHz, 11.88 W, 58, 2 %, 0 %
2026/09/02 01:00:18.049, P0, 2411 MHz, 11.92 W, 58, 2 %, 0 %
2026/09/02 01:00:19.077, P0, 2411 MHz, 11.88 W, 58, 2 %, 0 %
2026/09/02 01:00:20.105, P0, 2411 MHz, 11.83 W, 58, 2 %, 0 %
2026/09/02 01:00:21.131, P0, 2411 MHz, 11.78 W, 58, 2 %, 0 %
2026/09/02 01:00:22.158, P0, 2411 MHz, 11.75 W, 58, 2 %, 0 %
2026/09/02 01:00:23.184, P0, 2411 MHz, 11.73 W, 58, 2 %, 0 %
